,active_id,passive_id,active_reliability,passive_reliability,passive_opinion,accepted,result,total_payout
0,5,40,0.7074720807278618,0.8233205884601713,0.45,True,False,-2
1,54,84,0.37212150135469324,0.30760874128659765,0.45,True,False,-4
2,6,24,0.7245198704567086,0.5643961535332579,0.55,True,True,-2
3,76,32,0.8458098357280734,0.6635526614764211,0.55,True,True,0
4,75,27,0.3564722401534356,0.24823671615634535,0.55,True,True,2
5,67,85,0.607536698126434,0.9208255563021844,0.45,True,False,0
6,20,74,0.3518324457728357,0.7147114865193199,0.45,True,False,-2
7,14,72,0.36959908654360296,0.15786443919911552,0.45,True,False,-4
8,91,62,0.4496645792753765,0.8567073824041537,0.45,True,False,-6
9,40,37,0.8233205884601713,0.6129744594914002,0.45,True,False,-8
10,55,2,0.40783948249863655,0.1583173379329329,0.55,True,True,-6
11,48,74,0.5006430271920419,0.7147114865193199,0.55,True,True,-4
12,78,23,0.43195725414119235,0.6834876177688868,0.45,True,False,-6
13,38,67,0.9852193240462834,0.607536698126434,0.55,True,True,-4
14,88,13,0.1518498601660332,0.5640583142579408,0.45,True,False,-6
15,21,58,0.7294192585660533,0.3400721796549451,0.55,True,True,-4
16,68,59,0.7166314276892161,0.9026332782723714,0.55,True,True,-2
17,55,8,0.40783948249863655,0.12541609041827162,0.55,True,True,0
18,30,67,0.21958957190026862,0.607536698126434,0.45,True,False,-2
19,13,54,0.5640583142579408,0.37212150135469324,0.55,True,True,0
20,19,97,0.9167990006762123,0.9342627097194597,0.55,True,True,2
21,75,87,0.3564722401534356,0.6110778350397914,0.45,True,False,0
22,0,47,0.1758912822526283,0.37103745779909314,0.45,True,False,-2
23,84,66,0.30760874128659765,0.14600192216174024,0.45,True,False,-4
24,47,24,0.37103745779909314,0.5643961535332579,0.45,True,False,-6
25,29,61,0.722059314611557,0.428624507251238,0.55,True,True,-4
26,61,11,0.428624507251238,0.25594440962471976,0.45,True,False,-6
27,47,39,0.37103745779909314,0.08956727178941548,0.45,True,False,-8
28,12,78,0.23916686501013318,0.43195725414119235,0.45,True,False,-10
29,62,8,0.8567073824041537,0.12541609041827162,0.55,True,True,-8
30,88,5,0.1518498601660332,0.7074720807278618,0.45,True,False,-10
31,61,18,0.428624507251238,0.31688953348241633,0.45,True,False,-12
32,95,62,0.6148085701273492,0.8567073824041537,0.55,True,True,-10
33,34,2,0.4874498503262571,0.1583173379329329,0.45,True,False,-12
34,26,67,0.5641167356888758,0.607536698126434,0.55,True,True,-10
35,54,55,0.37212150135469324,0.40783948249863655,0.55,True,True,-8
36,89,34,0.5957492647135162,0.4874498503262571,0.45,True,False,-10
37,19,66,0.9167990006762123,0.14600192216174024,0.45,True,False,-12
38,64,36,0.4194259773346898,0.692476984458762,0.45,True,False,-14
39,21,43,0.7294192585660533,0.2836744010577642,0.55,True,True,-12
40,3,42,0.6505485394760468,0.7145128156599906,0.45,True,False,-14
41,57,13,0.8687170958055681,0.5640583142579408,0.55,True,True,-12
42,72,22,0.15786443919911552,0.8331502256734352,0.45,True,False,-14
43,50,28,0.5007353806196448,0.33749927136972513,0.55,True,True,-12
44,0,61,0.1758912822526283,0.428624507251238,0.45,True,False,-14
45,10,12,0.5809370117603739,0.23916686501013318,0.45,True,False,-16
46,17,52,0.613784673463289,0.5141404352885078,0.55,True,True,-14
47,34,9,0.4874498503262571,0.44583740825910056,0.45,True,False,-16
48,31,50,0.9823508518356256,0.5007353806196448,0.55,True,True,-14
49,31,12,0.9823508518356256,0.23916686501013318,0.55,True,True,-12
50,20,18,0.3518324457728357,0.31688953348241633,0.55,True,True,-10
51,19,42,0.9167990006762123,0.7145128156599906,0.55,True,True,-8
52,4,68,0.832864060628537,0.7166314276892161,0.45,True,False,-10
53,93,39,0.48674754492555417,0.08956727178941548,0.45,True,False,-12
54,86,26,0.26925144280334556,0.5641167356888758,0.55,True,True,-10
55,72,66,0.15786443919911552,0.14600192216174024,0.45,True,False,-12
56,5,76,0.7074720807278618,0.8458098357280734,0.55,True,True,-10
57,77,25,0.9031097515099588,0.24988397332234968,0.55,True,True,-8
58,96,33,0.47401238915605537,0.631533030385049,0.45,True,False,-10
59,93,57,0.48674754492555417,0.8687170958055681,0.45,True,False,-12
60,76,57,0.8458098357280734,0.8687170958055681,0.45,True,False,-14
61,47,93,0.37103745779909314,0.48674754492555417,0.45,True,False,-16
62,63,22,0.5446331655916622,0.8331502256734352,0.55,True,True,-14
63,81,44,0.8029353926230534,0.6279672365393266,0.45,True,False,-16
64,11,8,0.25594440962471976,0.12541609041827162,0.55,True,True,-14
65,11,93,0.25594440962471976,0.48674754492555417,0.45,True,False,-16
66,42,66,0.7145128156599906,0.14600192216174024,0.55,True,True,-14
67,38,43,0.9852193240462834,0.2836744010577642,0.55,True,True,-12
68,73,14,0.1535013626402606,0.36959908654360296,0.55,True,True,-10
69,19,77,0.9167990006762123,0.9031097515099588,0.55,True,True,-8
70,70,79,0.7500346304027713,0.998543357829393,0.55,True,True,-6
71,41,65,0.8866353559032627,0.5242565796501807,0.55,True,True,-4
72,17,40,0.613784673463289,0.8233205884601713,0.55,True,True,-2
73,41,25,0.8866353559032627,0.24988397332234968,0.55,True,True,0
74,64,78,0.4194259773346898,0.43195725414119235,0.45,True,False,-2
75,49,9,0.1750462273928698,0.44583740825910056,0.45,True,False,-4
76,8,75,0.12541609041827162,0.3564722401534356,0.55,True,True,-2
77,6,55,0.7245198704567086,0.40783948249863655,0.45,True,False,-4
78,66,22,0.14600192216174024,0.8331502256734352,0.45,True,False,-6
79,19,55,0.9167990006762123,0.40783948249863655,0.55,True,True,-4
80,87,36,0.6110778350397914,0.692476984458762,0.55,True,True,-2
81,32,84,0.6635526614764211,0.30760874128659765,0.55,True,True,0
82,67,90,0.607536698126434,0.3304954146378264,0.55,True,True,2
83,48,95,0.5006430271920419,0.6148085701273492,0.55,True,True,4
84,80,10,0.8945078474699114,0.5809370117603739,0.55,True,True,6
85,98,66,0.5700115543211604,0.14600192216174024,0.45,True,False,4
86,21,33,0.7294192585660533,0.631533030385049,0.55,True,True,6
87,40,90,0.8233205884601713,0.3304954146378264,0.55,True,True,8
88,27,45,0.24823671615634535,0.23346703620024267,0.45,True,False,6
89,48,30,0.5006430271920419,0.21958957190026862,0.55,True,True,8
90,35,43,0.056125267422058256,0.2836744010577642,0.45,True,False,6
91,49,96,0.1750462273928698,0.47401238915605537,0.45,True,False,4
92,33,27,0.631533030385049,0.24823671615634535,0.45,True,False,2
93,59,91,0.9026332782723714,0.4496645792753765,0.55,True,True,4
94,63,39,0.5446331655916622,0.08956727178941548,0.45,True,False,2
95,9,36,0.44583740825910056,0.692476984458762,0.45,True,False,0
96,56,79,0.9458539729183116,0.998543357829393,0.55,True,True,2
97,1,60,0.08463313407428452,0.003922851813887851,0.45,True,False,0
98,70,45,0.7500346304027713,0.23346703620024267,0.55,True,True,2
99,47,24,0.37103745779909314,0.5643961535332579,0.45,False,0,2
100,46,51,0.33275242246021486,0.33972843267718733,0.45,True,False,0
101,42,85,0.7145128156599906,0.9208255563021844,0.55,True,True,2
102,85,74,0.9208255563021844,0.7147114865193199,0.55,True,True,4
103,45,87,0.23346703620024267,0.6110778350397914,0.45,True,False,2
104,52,23,0.5141404352885078,0.6834876177688868,0.45,True,False,0
105,19,64,0.9167990006762123,0.4194259773346898,0.55,True,True,2
106,57,88,0.8687170958055681,0.1518498601660332,0.55,True,True,4
107,38,98,0.9852193240462834,0.5700115543211604,0.55,True,True,6
108,57,0,0.8687170958055681,0.1758912822526283,0.55,True,True,8
109,70,41,0.7500346304027713,0.8866353559032627,0.45,True,False,6
110,71,21,0.22540515274489392,0.7294192585660533,0.45,True,False,4
111,40,88,0.8233205884601713,0.1518498601660332,0.55,True,True,6
112,63,38,0.5446331655916622,0.9852193240462834,0.55,True,True,8
113,46,24,0.33275242246021486,0.5643961535332579,0.45,True,False,6
114,10,73,0.5809370117603739,0.1535013626402606,0.45,True,False,4
115,51,6,0.33972843267718733,0.7245198704567086,0.45,True,False,2
116,26,38,0.5641167356888758,0.9852193240462834,0.55,True,True,4
117,27,78,0.24823671615634535,0.43195725414119235,0.55,True,True,6
118,43,89,0.2836744010577642,0.5957492647135162,0.45,True,False,4
119,67,93,0.607536698126434,0.48674754492555417,0.55,True,True,6
120,99,14,0.8433651824858333,0.36959908654360296,0.55,True,True,8
121,91,45,0.4496645792753765,0.23346703620024267,0.45,True,False,6
122,77,41,0.9031097515099588,0.8866353559032627,0.55,True,True,8
123,87,76,0.6110778350397914,0.8458098357280734,0.45,True,False,6
124,90,26,0.3304954146378264,0.5641167356888758,0.45,True,False,4
125,79,37,0.998543357829393,0.6129744594914002,0.55,True,True,6
126,10,30,0.5809370117603739,0.21958957190026862,0.45,True,False,4
127,95,10,0.6148085701273492,0.5809370117603739,0.45,True,False,2
128,78,8,0.43195725414119235,0.12541609041827162,0.45,True,False,0
129,40,75,0.8233205884601713,0.3564722401534356,0.55,True,True,2
130,4,64,0.832864060628537,0.4194259773346898,0.55,True,True,4
131,54,59,0.37212150135469324,0.9026332782723714,0.45,True,False,2
132,15,34,0.6256153954684792,0.4874498503262571,0.55,True,True,4
133,19,8,0.9167990006762123,0.12541609041827162,0.55,True,True,6
134,23,72,0.6834876177688868,0.15786443919911552,0.55,True,True,8
135,36,66,0.692476984458762,0.14600192216174024,0.55,True,True,10
136,0,62,0.1758912822526283,0.8567073824041537,0.45,True,False,8
137,79,15,0.998543357829393,0.6256153954684792,0.55,True,True,10
138,44,97,0.6279672365393266,0.9342627097194597,0.55,True,True,12
139,57,51,0.8687170958055681,0.33972843267718733,0.55,True,True,14
140,99,25,0.8433651824858333,0.24988397332234968,0.55,True,True,16
141,13,5,0.5640583142579408,0.7074720807278618,0.45,True,False,14
142,42,36,0.7145128156599906,0.692476984458762,0.55,True,True,16
143,95,29,0.6148085701273492,0.722059314611557,0.45,True,False,14
144,55,36,0.40783948249863655,0.692476984458762,0.45,True,False,12
145,47,75,0.37103745779909314,0.3564722401534356,0.45,True,False,10
146,21,28,0.7294192585660533,0.33749927136972513,0.55,True,True,12
147,51,56,0.33972843267718733,0.9458539729183116,0.45,True,False,10
148,75,50,0.3564722401534356,0.5007353806196448,0.45,True,False,8
149,3,0,0.6505485394760468,0.1758912822526283,0.55,True,True,10
150,73,20,0.1535013626402606,0.3518324457728357,0.55,True,True,12
151,25,96,0.24988397332234968,0.47401238915605537,0.45,True,False,10
152,79,40,0.998543357829393,0.8233205884601713,0.55,True,True,12
153,2,77,0.1583173379329329,0.9031097515099588,0.45,True,False,10
154,96,12,0.47401238915605537,0.23916686501013318,0.55,True,True,12
155,0,15,0.1758912822526283,0.6256153954684792,0.45,True,False,10
156,11,41,0.25594440962471976,0.8866353559032627,0.45,True,False,8
157,94,43,0.7224237507853771,0.2836744010577642,0.45,True,False,6
158,58,77,0.3400721796549451,0.9031097515099588,0.45,True,False,4
159,0,33,0.1758912822526283,0.631533030385049,0.45,True,False,2
160,70,74,0.7500346304027713,0.7147114865193199,0.55,True,True,4
161,50,5,0.5007353806196448,0.7074720807278618,0.45,True,False,2
162,14,85,0.36959908654360296,0.9208255563021844,0.45,True,False,0
163,83,4,0.530649570976361,0.832864060628537,0.45,True,False,-2
164,63,37,0.5446331655916622,0.6129744594914002,0.45,True,False,-4
165,3,58,0.6505485394760468,0.3400721796549451,0.45,True,False,-6
166,82,1,0.030397557512383044,0.08463313407428452,0.45,True,False,-8
167,18,49,0.31688953348241633,0.1750462273928698,0.45,True,False,-10
168,46,18,0.33275242246021486,0.31688953348241633,0.45,True,False,-12
169,66,88,0.14600192216174024,0.1518498601660332,0.45,True,False,-14
170,67,15,0.607536698126434,0.6256153954684792,0.45,True,False,-16
171,8,93,0.12541609041827162,0.48674754492555417,0.45,True,False,-18
172,82,96,0.030397557512383044,0.47401238915605537,0.45,True,False,-20
173,35,2,0.056125267422058256,0.1583173379329329,0.45,True,False,-22
174,36,15,0.692476984458762,0.6256153954684792,0.45,True,False,-24
175,90,79,0.3304954146378264,0.998543357829393,0.45,True,False,-26
176,19,86,0.9167990006762123,0.26925144280334556,0.55,True,True,-24
177,5,10,0.7074720807278618,0.5809370117603739,0.55,True,True,-22
178,32,2,0.6635526614764211,0.1583173379329329,0.45,True,False,-24
179,34,0,0.4874498503262571,0.1758912822526283,0.45,True,False,-26
180,76,10,0.8458098357280734,0.5809370117603739,0.55,True,True,-24
181,79,97,0.998543357829393,0.9342627097194597,0.55,True,True,-22
182,83,14,0.530649570976361,0.36959908654360296,0.55,True,True,-20
183,3,70,0.6505485394760468,0.7500346304027713,0.55,True,True,-18
184,40,95,0.8233205884601713,0.6148085701273492,0.55,True,True,-16
185,3,74,0.6505485394760468,0.7147114865193199,0.499595,False,0,-16
186,76,34,0.8458098357280734,0.4874498503262571,0.55,True,True,-14
187,11,96,0.25594440962471976,0.47401238915605537,0.55,True,True,-12
188,83,18,0.530649570976361,0.31688953348241633,0.45,True,False,-14
189,18,19,0.31688953348241633,0.9167990006762123,0.45,True,False,-16
190,58,54,0.3400721796549451,0.37212150135469324,0.45,True,False,-18
191,93,62,0.48674754492555417,0.8567073824041537,0.45,True,False,-20
192,31,87,0.9823508518356256,0.6110778350397914,0.55,True,True,-18
193,51,34,0.33972843267718733,0.4874498503262571,0.45,True,False,-20
194,11,28,0.25594440962471976,0.33749927136972513,0.45,True,False,-22
195,77,7,0.9031097515099588,0.8991241729910701,0.55,True,True,-20
196,3,33,0.6505485394760468,0.631533030385049,0.55,True,True,-18
197,35,60,0.056125267422058256,0.003922851813887851,0.45,True,False,-20
198,58,48,0.3400721796549451,0.5006430271920419,0.45,True,False,-22
199,3,13,0.6505485394760468,0.5640583142579408,0.45,True,False,-24
200,88,43,0.1518498601660332,0.2836744010577642,0.55,True,True,-22
201,77,78,0.9031097515099588,0.43195725414119235,0.55,True,True,-20
202,51,53,0.33972843267718733,0.5743515295364632,0.45,True,False,-22
203,11,4,0.25594440962471976,0.832864060628537,0.45,True,False,-24
204,13,42,0.5640583142579408,0.7145128156599906,0.45,True,False,-26
205,39,50,0.08956727178941548,0.5007353806196448,0.45,True,False,-28
206,79,91,0.998543357829393,0.4496645792753765,0.55,True,True,-26
207,66,75,0.14600192216174024,0.3564722401534356,0.45,True,False,-28
208,57,97,0.8687170958055681,0.9342627097194597,0.55,True,True,-26
209,97,5,0.9342627097194597,0.7074720807278618,0.55,True,True,-24
210,67,56,0.607536698126434,0.9458539729183116,0.55,True,True,-22
211,67,35,0.607536698126434,0.056125267422058256,0.45,True,False,-24
212,7,13,0.8991241729910701,0.5640583142579408,0.55,True,True,-22
213,87,64,0.6110778350397914,0.4194259773346898,0.55,True,True,-20
214,22,49,0.8331502256734352,0.1750462273928698,0.55,True,True,-18
215,13,42,0.5640583142579408,0.7145128156599906,0.45,False,0,-18
216,88,57,0.1518498601660332,0.8687170958055681,0.45,True,False,-20
217,89,19,0.5957492647135162,0.9167990006762123,0.55,True,True,-18
218,57,63,0.8687170958055681,0.5446331655916622,0.45,True,False,-20
219,51,1,0.33972843267718733,0.08463313407428452,0.55,True,True,-18
220,77,37,0.9031097515099588,0.6129744594914002,0.55,True,True,-16
221,66,75,0.14600192216174024,0.3564722401534356,0.45,False,0,-16
222,79,24,0.998543357829393,0.5643961535332579,0.55,True,True,-14
223,37,41,0.6129744594914002,0.8866353559032627,0.45,True,False,-16
224,1,74,0.08463313407428452,0.7147114865193199,0.45,True,False,-18
225,3,45,0.6505485394760468,0.23346703620024267,0.45,True,False,-20
226,57,76,0.8687170958055681,0.8458098357280734,0.55,True,True,-18
227,58,2,0.3400721796549451,0.1583173379329329,0.55,True,True,-16
228,29,47,0.722059314611557,0.37103745779909314,0.45,True,False,-18
229,56,83,0.9458539729183116,0.530649570976361,0.45,True,False,-20
230,99,5,0.8433651824858333,0.7074720807278618,0.55,True,True,-18
231,49,47,0.1750462273928698,0.37103745779909314,0.55,True,True,-16
232,11,37,0.25594440962471976,0.6129744594914002,0.45,True,False,-18
233,35,20,0.056125267422058256,0.3518324457728357,0.45,True,False,-20
234,66,84,0.14600192216174024,0.30760874128659765,0.45,True,False,-22
235,99,98,0.8433651824858333,0.5700115543211604,0.45,True,False,-24
236,28,20,0.33749927136972513,0.3518324457728357,0.45,True,False,-26
237,0,20,0.1758912822526283,0.3518324457728357,0.45,True,False,-28
238,92,28,0.31794627339030435,0.33749927136972513,0.45,True,False,-30
239,44,78,0.6279672365393266,0.43195725414119235,0.55,True,True,-28
240,67,55,0.607536698126434,0.40783948249863655,0.55,True,True,-26
241,7,77,0.8991241729910701,0.9031097515099588,0.55,True,True,-24
242,65,67,0.5242565796501807,0.607536698126434,0.55,True,True,-22
243,79,14,0.998543357829393,0.36959908654360296,0.55,True,True,-20
244,85,54,0.9208255563021844,0.37212150135469324,0.55,True,True,-18
245,23,11,0.6834876177688868,0.25594440962471976,0.45,True,False,-20
246,17,39,0.613784673463289,0.08956727178941548,0.55,True,True,-18
247,27,16,0.24823671615634535,0.049757326444936356,0.45,True,False,-20
248,5,92,0.7074720807278618,0.31794627339030435,0.45,True,False,-22
249,27,40,0.24823671615634535,0.8233205884601713,0.45,True,False,-24
250,39,8,0.08956727178941548,0.12541609041827162,0.45,True,False,-26
251,44,85,0.6279672365393266,0.9208255563021844,0.45,True,False,-28
252,39,97,0.08956727178941548,0.9342627097194597,0.45,True,False,-30
253,79,16,0.998543357829393,0.049757326444936356,0.55,True,True,-28
254,5,84,0.7074720807278618,0.30760874128659765,0.55,True,True,-26
255,90,15,0.3304954146378264,0.6256153954684792,0.45,True,False,-28
256,28,78,0.33749927136972513,0.43195725414119235,0.45,True,False,-30
257,84,92,0.30760874128659765,0.31794627339030435,0.45,True,False,-32
258,55,33,0.40783948249863655,0.631533030385049,0.45,True,False,-34
259,92,6,0.31794627339030435,0.7245198704567086,0.45,True,False,-36
260,4,34,0.832864060628537,0.4874498503262571,0.55,True,True,-34
261,71,94,0.22540515274489392,0.7224237507853771,0.45,True,False,-36
262,37,3,0.6129744594914002,0.6505485394760468,0.45,True,False,-38
263,93,33,0.48674754492555417,0.631533030385049,0.55,True,True,-36
264,0,61,0.1758912822526283,0.428624507251238,0.45,False,0,-36
265,0,26,0.1758912822526283,0.5641167356888758,0.45,True,False,-38
266,7,44,0.8991241729910701,0.6279672365393266,0.55,True,True,-36
267,65,39,0.5242565796501807,0.08956727178941548,0.55,True,True,-34
268,56,47,0.9458539729183116,0.37103745779909314,0.55,True,True,-32
269,96,75,0.47401238915605537,0.3564722401534356,0.45,True,False,-34
270,34,72,0.4874498503262571,0.15786443919911552,0.45,True,False,-36
271,47,63,0.37103745779909314,0.5446331655916622,0.45,True,False,-38
272,92,90,0.31794627339030435,0.3304954146378264,0.55,True,True,-36
273,71,19,0.22540515274489392,0.9167990006762123,0.45,True,False,-38
274,26,81,0.5641167356888758,0.8029353926230534,0.55,True,True,-36
275,10,95,0.5809370117603739,0.6148085701273492,0.45,True,False,-38
276,42,54,0.7145128156599906,0.37212150135469324,0.5545,True,True,-36
277,63,9,0.5446331655916622,0.44583740825910056,0.45,True,False,-38
278,94,1,0.7224237507853771,0.08463313407428452,0.45,True,False,-40
279,52,76,0.5141404352885078,0.8458098357280734,0.45,True,False,-42
280,22,48,0.8331502256734352,0.5006430271920419,0.55,True,True,-40
281,45,0,0.23346703620024267,0.1758912822526283,0.45,True,False,-42
282,72,22,0.15786443919911552,0.8331502256734352,0.455,False,0,-42
283,33,44,0.631533030385049,0.6279672365393266,0.55,True,True,-40
284,45,58,0.23346703620024267,0.3400721796549451,0.55,True,True,-38
285,36,68,0.692476984458762,0.7166314276892161,0.45,True,False,-40
286,49,10,0.1750462273928698,0.5809370117603739,0.55,True,True,-38
287,46,80,0.33275242246021486,0.8945078474699114,0.45,True,False,-40
288,0,3,0.1758912822526283,0.6505485394760468,0.45,True,False,-42
289,80,5,0.8945078474699114,0.7074720807278618,0.55,True,True,-40
290,35,32,0.056125267422058256,0.6635526614764211,0.45,True,False,-42
291,54,78,0.37212150135469324,0.43195725414119235,0.45,True,False,-44
292,62,40,0.8567073824041537,0.8233205884601713,0.55,True,True,-42
293,61,45,0.428624507251238,0.23346703620024267,0.45,True,False,-44
294,29,11,0.722059314611557,0.25594440962471976,0.45,True,False,-46
295,86,12,0.26925144280334556,0.23916686501013318,0.55,True,True,-44
296,17,78,0.613784673463289,0.43195725414119235,0.45,True,False,-46
297,39,85,0.08956727178941548,0.9208255563021844,0.45,True,False,-48
298,68,99,0.7166314276892161,0.8433651824858333,0.55,True,True,-46
299,19,26,0.9167990006762123,0.5641167356888758,0.55,True,True,-44
300,87,10,0.6110778350397914,0.5809370117603739,0.4955,False,0,-44
301,52,88,0.5141404352885078,0.1518498601660332,0.45,True,False,-46
302,88,69,0.1518498601660332,0.48391700202672083,0.45,True,False,-48
303,66,43,0.14600192216174024,0.2836744010577642,0.495,False,0,-48
304,81,44,0.8029353926230534,0.6279672365393266,0.4595,False,0,-48
305,76,55,0.8458098357280734,0.40783948249863655,0.55,True,True,-46
306,55,65,0.40783948249863655,0.5242565796501807,0.55,True,True,-44
307,62,92,0.8567073824041537,0.31794627339030435,0.55,True,True,-42
308,17,0,0.613784673463289,0.1758912822526283,0.55,True,True,-40
309,25,97,0.24988397332234968,0.9342627097194597,0.45,True,False,-42
310,16,58,0.049757326444936356,0.3400721796549451,0.55,True,True,-40
311,11,67,0.25594440962471976,0.607536698126434,0.55,True,True,-38
312,37,19,0.6129744594914002,0.9167990006762123,0.55,True,True,-36
313,30,6,0.21958957190026862,0.7245198704567086,0.55,True,True,-34
314,63,82,0.5446331655916622,0.030397557512383044,0.45,True,False,-36
315,83,29,0.530649570976361,0.722059314611557,0.45,True,False,-38
316,66,29,0.14600192216174024,0.722059314611557,0.45,True,False,-40
317,73,42,0.1535013626402606,0.7145128156599906,0.55,True,True,-38
318,15,29,0.6256153954684792,0.722059314611557,0.55,True,True,-36
319,38,12,0.9852193240462834,0.23916686501013318,0.55,True,True,-34
320,76,97,0.8458098357280734,0.9342627097194597,0.495,False,0,-34
321,87,63,0.6110778350397914,0.5446331655916622,0.55,True,True,-32
322,51,4,0.33972843267718733,0.832864060628537,0.45,True,False,-34
323,92,49,0.31794627339030435,0.1750462273928698,0.45,True,False,-36
324,24,59,0.5643961535332579,0.9026332782723714,0.55,True,True,-34
325,25,2,0.24988397332234968,0.1583173379329329,0.55,True,True,-32
326,0,11,0.1758912822526283,0.25594440962471976,0.45,True,False,-34
327,21,36,0.7294192585660533,0.692476984458762,0.55,True,True,-32
328,48,31,0.5006430271920419,0.9823508518356256,0.55,True,True,-30
329,14,42,0.36959908654360296,0.7145128156599906,0.55,True,True,-28
330,56,12,0.9458539729183116,0.23916686501013318,0.55,True,True,-26
331,36,75,0.692476984458762,0.3564722401534356,0.55,True,True,-24
332,11,4,0.25594440962471976,0.832864060628537,0.45,False,0,-24
333,30,86,0.21958957190026862,0.26925144280334556,0.45,True,False,-26
334,7,95,0.8991241729910701,0.6148085701273492,0.55,True,True,-24
335,80,14,0.8945078474699114,0.36959908654360296,0.55,True,True,-22
336,92,14,0.31794627339030435,0.36959908654360296,0.55,True,True,-20
337,78,73,0.43195725414119235,0.1535013626402606,0.45,True,False,-22
338,4,81,0.832864060628537,0.8029353926230534,0.55,True,True,-20
339,45,13,0.23346703620024267,0.5640583142579408,0.45,True,False,-22
340,61,90,0.428624507251238,0.3304954146378264,0.45,True,False,-24
341,90,26,0.3304954146378264,0.5641167356888758,0.455,False,0,-24
342,20,13,0.3518324457728357,0.5640583142579408,0.45,True,False,-26
343,23,92,0.6834876177688868,0.31794627339030435,0.45,True,False,-28
344,25,92,0.24988397332234968,0.31794627339030435,0.45,True,False,-30
345,97,14,0.9342627097194597,0.36959908654360296,0.55,True,True,-28
346,20,7,0.3518324457728357,0.8991241729910701,0.45,True,False,-30
347,17,64,0.613784673463289,0.4194259773346898,0.45,True,False,-32
348,9,0,0.44583740825910056,0.1758912822526283,0.55,True,True,-30
349,23,27,0.6834876177688868,0.24823671615634535,0.45,True,False,-32
350,84,94,0.30760874128659765,0.7224237507853771,0.45,True,False,-34
351,35,3,0.056125267422058256,0.6505485394760468,0.45,True,False,-36
352,75,33,0.3564722401534356,0.631533030385049,0.55,True,True,-34
353,76,45,0.8458098357280734,0.23346703620024267,0.55,True,True,-32
354,59,3,0.9026332782723714,0.6505485394760468,0.55,True,True,-30
355,70,20,0.7500346304027713,0.3518324457728357,0.55,True,True,-28
356,26,25,0.5641167356888758,0.24988397332234968,0.55,True,True,-26
357,99,68,0.8433651824858333,0.7166314276892161,0.55,True,True,-24
358,50,15,0.5007353806196448,0.6256153954684792,0.55,True,True,-22
359,33,27,0.631533030385049,0.24823671615634535,0.45,False,0,-22
360,38,9,0.9852193240462834,0.44583740825910056,0.55,True,True,-20
361,37,25,0.6129744594914002,0.24988397332234968,0.45,True,False,-22
362,61,79,0.428624507251238,0.998543357829393,0.45,True,False,-24
363,84,49,0.30760874128659765,0.1750462273928698,0.55,True,True,-22
364,17,93,0.613784673463289,0.48674754492555417,0.55,True,True,-20
365,9,3,0.44583740825910056,0.6505485394760468,0.55,True,True,-18
366,18,52,0.31688953348241633,0.5141404352885078,0.55,True,True,-16
367,99,80,0.8433651824858333,0.8945078474699114,0.45,True,False,-18
368,77,24,0.9031097515099588,0.5643961535332579,0.55,True,True,-16
369,17,15,0.613784673463289,0.6256153954684792,0.45,True,False,-18
370,80,48,0.8945078474699114,0.5006430271920419,0.55,True,True,-16
371,55,33,0.40783948249863655,0.631533030385049,0.45937805000000004,False,0,-16
372,21,88,0.7294192585660533,0.1518498601660332,0.55,True,True,-14
373,72,79,0.15786443919911552,0.998543357829393,0.55,True,True,-12
374,21,34,0.7294192585660533,0.4874498503262571,0.55,True,True,-10
375,11,16,0.25594440962471976,0.049757326444936356,0.45,True,False,-12
376,91,65,0.4496645792753765,0.5242565796501807,0.55,True,True,-10
377,92,82,0.31794627339030435,0.030397557512383044,0.45,True,False,-12
378,11,96,0.25594440962471976,0.47401238915605537,0.49500000000000005,True,False,-14
379,71,98,0.22540515274489392,0.5700115543211604,0.45,True,False,-16
380,19,86,0.9167990006762123,0.26925144280334556,0.5950000000000001,True,True,-14
381,71,99,0.22540515274489392,0.8433651824858333,0.45,True,False,-16
382,3,17,0.6505485394760468,0.613784673463289,0.55,True,True,-14
383,92,68,0.31794627339030435,0.7166314276892161,0.55,True,True,-12
384,32,71,0.6635526614764211,0.22540515274489392,0.55,True,True,-10
385,42,50,0.7145128156599906,0.5007353806196448,0.45,True,False,-12
386,18,64,0.31688953348241633,0.4194259773346898,0.45,True,False,-14
387,35,32,0.056125267422058256,0.6635526614764211,0.45,False,0,-14
388,61,37,0.428624507251238,0.6129744594914002,0.55,True,True,-12
389,15,56,0.6256153954684792,0.9458539729183116,0.55,True,True,-10
390,8,27,0.12541609041827162,0.24823671615634535,0.45,True,False,-12
391,36,64,0.692476984458762,0.4194259773346898,0.55,True,True,-10
392,33,1,0.631533030385049,0.08463313407428452,0.55,True,True,-8
393,2,93,0.1583173379329329,0.48674754492555417,0.45,True,False,-10
394,63,17,0.5446331655916622,0.613784673463289,0.499595,False,0,-10
395,50,62,0.5007353806196448,0.8567073824041537,0.55,True,True,-8
396,15,14,0.6256153954684792,0.36959908654360296,0.45,True,False,-10
397,70,83,0.7500346304027713,0.530649570976361,0.55,True,True,-8
398,19,84,0.9167990006762123,0.30760874128659765,0.550295245,True,True,-6
399,5,32,0.7074720807278618,0.6635526614764211,0.55,True,True,-4
400,57,49,0.8687170958055681,0.1750462273928698,0.5500405,True,True,-2
401,82,76,0.030397557512383044,0.8458098357280734,0.45,True,False,-4
402,62,9,0.8567073824041537,0.44583740825910056,0.45,True,False,-6
403,68,24,0.7166314276892161,0.5643961535332579,0.55,True,True,-4
404,72,53,0.15786443919911552,0.5743515295364632,0.45,True,False,-6
405,13,75,0.5640583142579408,0.3564722401534356,0.55,True,True,-4
406,1,53,0.08463313407428452,0.5743515295364632,0.45,True,False,-6
407,11,61,0.25594440962471976,0.428624507251238,0.45,True,False,-8
408,77,29,0.9031097515099588,0.722059314611557,0.55,True,True,-6
409,28,83,0.33749927136972513,0.530649570976361,0.45,True,False,-8
410,89,55,0.5957492647135162,0.40783948249863655,0.55,True,True,-6
411,7,71,0.8991241729910701,0.22540515274489392,0.55,True,True,-4
412,14,43,0.36959908654360296,0.2836744010577642,0.55,True,True,-2
413,46,32,0.33275242246021486,0.6635526614764211,0.4995,False,0,-2
414,6,80,0.7245198704567086,0.8945078474699114,0.55,True,True,0
415,86,60,0.26925144280334556,0.003922851813887851,0.45,True,False,-2
416,9,74,0.44583740825910056,0.7147114865193199,0.55,True,True,0
417,30,75,0.21958957190026862,0.3564722401534356,0.45,True,False,-2
418,46,23,0.33275242246021486,0.6834876177688868,0.55,True,True,0
419,71,50,0.22540515274489392,0.5007353806196448,0.45,True,False,-2
420,62,42,0.8567073824041537,0.7145128156599906,0.55,True,True,0
421,4,93,0.832864060628537,0.48674754492555417,0.55,True,True,2
422,54,48,0.37212150135469324,0.5006430271920419,0.45,True,False,0
423,6,66,0.7245198704567086,0.14600192216174024,0.55,True,True,2
424,19,93,0.9167990006762123,0.48674754492555417,0.55,True,True,4
425,11,34,0.25594440962471976,0.4874498503262571,0.4955,False,0,4
426,66,67,0.14600192216174024,0.607536698126434,0.45,True,False,2
427,57,42,0.8687170958055681,0.7145128156599906,0.55,True,True,4
428,19,65,0.9167990006762123,0.5242565796501807,0.5532805000000001,True,True,6
429,35,17,0.056125267422058256,0.613784673463289,0.49595,False,0,6
430,5,4,0.7074720807278618,0.832864060628537,0.45,True,False,4
431,12,15,0.23916686501013318,0.6256153954684792,0.55,True,True,6
432,25,65,0.24988397332234968,0.5242565796501807,0.45,True,False,4
433,44,58,0.6279672365393266,0.3400721796549451,0.55,True,True,6
434,75,38,0.3564722401534356,0.9852193240462834,0.55,True,True,8
435,5,38,0.7074720807278618,0.9852193240462834,0.4996355,False,0,8
436,32,63,0.6635526614764211,0.5446331655916622,0.55,True,True,10
437,82,24,0.030397557512383044,0.5643961535332579,0.45,True,False,8
438,32,0,0.6635526614764211,0.1758912822526283,0.55,True,True,10
439,21,68,0.7294192585660533,0.7166314276892161,0.55,True,True,12
440,76,29,0.8458098357280734,0.722059314611557,0.55,True,True,14
441,50,86,0.5007353806196448,0.26925144280334556,0.55,True,True,16
442,75,73,0.3564722401534356,0.1535013626402606,0.55,True,True,18
443,53,35,0.5743515295364632,0.056125267422058256,0.55,True,True,20
444,92,72,0.31794627339030435,0.15786443919911552,0.45,True,False,18
445,7,3,0.8991241729910701,0.6505485394760468,0.55,True,True,20
446,49,40,0.1750462273928698,0.8233205884601713,0.45,True,False,18
447,23,16,0.6834876177688868,0.049757326444936356,0.55,True,True,20
448,73,65,0.1535013626402606,0.5242565796501807,0.45,True,False,18
449,9,23,0.44583740825910056,0.6834876177688868,0.55,True,True,20
450,76,90,0.8458098357280734,0.3304954146378264,0.55,True,True,22
451,48,86,0.5006430271920419,0.26925144280334556,0.45,True,False,20
452,88,94,0.1518498601660332,0.7224237507853771,0.55,True,True,22
453,29,63,0.722059314611557,0.5446331655916622,0.45,True,False,20
454,67,44,0.607536698126434,0.6279672365393266,0.5504500000000001,True,True,22
455,56,67,0.9458539729183116,0.607536698126434,0.55,True,True,24
456,90,51,0.3304954146378264,0.33972843267718733,0.45,True,False,22
457,10,48,0.5809370117603739,0.5006430271920419,0.45,True,False,20
458,31,10,0.9823508518356256,0.5809370117603739,0.55,True,True,22
459,42,4,0.7145128156599906,0.832864060628537,0.45,True,False,20
460,95,81,0.6148085701273492,0.8029353926230534,0.45,True,False,18
461,66,47,0.14600192216174024,0.37103745779909314,0.49955,False,0,18
462,22,62,0.8331502256734352,0.8567073824041537,0.55,True,True,20
463,6,47,0.7245198704567086,0.37103745779909314,0.45,True,False,18
464,31,77,0.9823508518356256,0.9031097515099588,0.55,True,True,20
465,33,50,0.631533030385049,0.5007353806196448,0.55,True,True,22
466,70,63,0.7500346304027713,0.5446331655916622,0.55000295245,True,True,24
467,96,93,0.47401238915605537,0.48674754492555417,0.55,True,True,26
468,97,79,0.9342627097194597,0.998543357829393,0.55,True,True,28
469,59,41,0.9026332782723714,0.8866353559032627,0.55,True,True,30
470,96,86,0.47401238915605537,0.26925144280334556,0.45,True,False,28
471,85,76,0.9208255563021844,0.8458098357280734,0.55,True,True,30
472,96,93,0.47401238915605537,0.48674754492555417,0.5950000000000001,True,True,32
473,23,18,0.6834876177688868,0.31688953348241633,0.55,True,True,34
474,2,83,0.1583173379329329,0.530649570976361,0.45,True,False,32
475,17,79,0.613784673463289,0.998543357829393,0.45,True,False,30
476,69,2,0.48391700202672083,0.1583173379329329,0.55,True,True,32
477,6,19,0.7245198704567086,0.9167990006762123,0.55,True,True,34
478,33,70,0.631533030385049,0.7500346304027713,0.55,True,True,36
479,63,82,0.5446331655916622,0.030397557512383044,0.45,False,0,36
480,51,28,0.33972843267718733,0.33749927136972513,0.45,True,False,34
481,53,95,0.5743515295364632,0.6148085701273492,0.55,True,True,36
482,27,89,0.24823671615634535,0.5957492647135162,0.45,True,False,34
483,12,98,0.23916686501013318,0.5700115543211604,0.45,True,False,32
484,38,47,0.9852193240462834,0.37103745779909314,0.550405,True,True,34
485,3,35,0.6505485394760468,0.056125267422058256,0.55,True,True,36
486,51,43,0.33972843267718733,0.2836744010577642,0.45,True,False,34
487,57,86,0.8687170958055681,0.26925144280334556,0.55,True,True,36
488,24,40,0.5643961535332579,0.8233205884601713,0.55,True,True,38
489,75,92,0.3564722401534356,0.31794627339030435,0.55,True,True,40
490,96,7,0.47401238915605537,0.8991241729910701,0.45,True,False,38
491,0,78,0.1758912822526283,0.43195725414119235,0.45,True,False,36
492,67,56,0.607536698126434,0.9458539729183116,0.5864500000000001,True,True,38
493,61,25,0.428624507251238,0.24988397332234968,0.55,True,True,40
494,49,7,0.1750462273928698,0.8991241729910701,0.45,True,False,38
495,65,92,0.5242565796501807,0.31794627339030435,0.55,True,True,40
496,10,69,0.5809370117603739,0.48391700202672083,0.45,True,False,38
497,5,16,0.7074720807278618,0.049757326444936356,0.55,True,True,40
498,22,41,0.8331502256734352,0.8866353559032627,0.55,True,True,42
499,13,27,0.5640583142579408,0.24823671615634535,0.55,True,True,44
500,29,98,0.722059314611557,0.5700115543211604,0.55,True,True,46
501,83,37,0.530649570976361,0.6129744594914002,0.55,True,True,48
502,9,99,0.44583740825910056,0.8433651824858333,0.45,True,False,46
503,87,21,0.6110778350397914,0.7294192585660533,0.55,True,True,48
504,8,38,0.12541609041827162,0.9852193240462834,0.45328050000000003,True,False,46
505,50,95,0.5007353806196448,0.6148085701273492,0.45,True,False,44
506,49,91,0.1750462273928698,0.4496645792753765,0.45,True,False,42
507,66,10,0.14600192216174024,0.5809370117603739,0.4995,False,0,42
508,83,24,0.530649570976361,0.5643961535332579,0.45,True,False,40
509,55,89,0.40783948249863655,0.5957492647135162,0.45,True,False,38
510,26,29,0.5641167356888758,0.722059314611557,0.45,True,False,36
511,4,26,0.832864060628537,0.5641167356888758,0.55,True,True,38
512,12,67,0.23916686501013318,0.607536698126434,0.45,True,False,36
513,63,71,0.5446331655916622,0.22540515274489392,0.55,True,True,38
514,47,50,0.37103745779909314,0.5007353806196448,0.499145,False,0,38
515,24,84,0.5643961535332579,0.30760874128659765,0.45,True,False,36
516,55,44,0.40783948249863655,0.6279672365393266,0.49595,False,0,36
517,63,34,0.5446331655916622,0.4874498503262571,0.45,True,False,34
518,17,46,0.613784673463289,0.33275242246021486,0.45,True,False,32
519,1,6,0.08463313407428452,0.7245198704567086,0.45,True,False,30
520,55,28,0.40783948249863655,0.33749927136972513,0.45,True,False,28
521,40,15,0.8233205884601713,0.6256153954684792,0.55,True,True,30
522,2,64,0.1583173379329329,0.4194259773346898,0.45,True,False,28
523,14,43,0.36959908654360296,0.2836744010577642,0.5950000000000001,True,True,30
524,81,17,0.8029353926230534,0.613784673463289,0.55,True,True,32
525,32,15,0.6635526614764211,0.6256153954684792,0.55,True,True,34
526,30,93,0.21958957190026862,0.48674754492555417,0.497342795,False,0,34
527,84,3,0.30760874128659765,0.6505485394760468,0.45,True,False,32
528,69,94,0.48391700202672083,0.7224237507853771,0.45,True,False,30
529,57,24,0.8687170958055681,0.5643961535332579,0.55,True,True,32
530,39,12,0.08956727178941548,0.23916686501013318,0.45,True,False,30
531,50,54,0.5007353806196448,0.37212150135469324,0.45,True,False,28
532,88,20,0.1518498601660332,0.3518324457728357,0.45,True,False,26
533,90,10,0.3304954146378264,0.5809370117603739,0.45,True,False,24
534,68,19,0.7166314276892161,0.9167990006762123,0.45,True,False,22
535,62,88,0.8567073824041537,0.1518498601660332,0.55,True,True,24
536,49,30,0.1750462273928698,0.21958957190026862,0.45,True,False,22
537,69,21,0.48391700202672083,0.7294192585660533,0.45,True,False,20
538,14,43,0.36959908654360296,0.2836744010577642,0.5355000000000001,True,False,18
539,20,19,0.3518324457728357,0.9167990006762123,0.45,True,False,16
540,41,25,0.8866353559032627,0.24988397332234968,0.4828050000000001,True,False,14
541,27,67,0.24823671615634535,0.607536698126434,0.55,True,True,16
542,6,68,0.7245198704567086,0.7166314276892161,0.55,True,True,18
543,0,14,0.1758912822526283,0.36959908654360296,0.49955,False,0,18
544,17,20,0.613784673463289,0.3518324457728357,0.45,True,False,16
545,10,55,0.5809370117603739,0.40783948249863655,0.55,True,True,18
546,12,38,0.23916686501013318,0.9852193240462834,0.55,True,True,20
547,23,35,0.6834876177688868,0.056125267422058256,0.55,True,True,22
548,56,11,0.9458539729183116,0.25594440962471976,0.55,True,True,24
549,13,54,0.5640583142579408,0.37212150135469324,0.4819500000000001,True,False,22
550,35,70,0.056125267422058256,0.7500346304027713,0.45,True,False,20
551,19,15,0.9167990006762123,0.6256153954684792,0.45035498655,True,False,18
552,74,45,0.7147114865193199,0.23346703620024267,0.45,True,False,16
553,40,88,0.8233205884601713,0.1518498601660332,0.5864500000000001,True,True,18
554,68,33,0.7166314276892161,0.631533030385049,0.55,True,True,20
555,42,30,0.7145128156599906,0.21958957190026862,0.55,True,True,22
556,80,1,0.8945078474699114,0.08463313407428452,0.55,True,True,24
557,46,22,0.33275242246021486,0.8331502256734352,0.55,True,True,26
558,74,69,0.7147114865193199,0.48391700202672083,0.45,True,False,24
559,90,69,0.3304954146378264,0.48391700202672083,0.45,True,False,22
560,42,16,0.7145128156599906,0.049757326444936356,0.45,True,False,20
561,93,32,0.48674754492555417,0.6635526614764211,0.4999595,False,0,20
562,40,56,0.8233205884601713,0.9458539729183116,0.55,True,True,22
563,71,74,0.22540515274489392,0.7147114865193199,0.45,True,False,20
564,47,66,0.37103745779909314,0.14600192216174024,0.45,True,False,18
565,34,35,0.4874498503262571,0.056125267422058256,0.4991855,False,0,18
566,59,23,0.9026332782723714,0.6834876177688868,0.55,True,True,20
567,85,16,0.9208255563021844,0.049757326444936356,0.45,True,False,18
568,50,70,0.5007353806196448,0.7500346304027713,0.45,True,False,16
569,24,3,0.5643961535332579,0.6505485394760468,0.5536450000000002,True,True,18
570,37,85,0.6129744594914002,0.9208255563021844,0.45,True,False,16
571,18,5,0.31688953348241633,0.7074720807278618,0.55,True,True,18
572,32,4,0.6635526614764211,0.832864060628537,0.55,True,True,20
573,61,39,0.428624507251238,0.08956727178941548,0.45,True,False,18
574,26,38,0.5641167356888758,0.9852193240462834,0.5869000000000001,True,True,20
575,17,73,0.613784673463289,0.1535013626402606,0.4503645,True,False,18
576,24,61,0.5643961535332579,0.428624507251238,0.45,True,False,16
577,96,71,0.47401238915605537,0.22540515274489392,0.45,True,False,14
578,35,63,0.056125267422058256,0.5446331655916622,0.49595,False,0,14
579,13,53,0.5640583142579408,0.5743515295364632,0.45,True,False,12
580,62,7,0.8567073824041537,0.8991241729910701,0.45,True,False,10
581,35,18,0.056125267422058256,0.31688953348241633,0.45,True,False,8
582,84,49,0.30760874128659765,0.1750462273928698,0.49050000000000005,True,False,6
583,20,11,0.3518324457728357,0.25594440962471976,0.45,True,False,4
584,20,29,0.3518324457728357,0.722059314611557,0.45,True,False,2
585,16,83,0.049757326444936356,0.530649570976361,0.45,True,False,0
586,27,64,0.24823671615634535,0.4194259773346898,0.55,True,True,2
587,18,42,0.31688953348241633,0.7145128156599906,0.55,True,True,4
588,4,83,0.832864060628537,0.530649570976361,0.55,True,True,6
589,20,14,0.3518324457728357,0.36959908654360296,0.55,True,True,8
590,35,47,0.056125267422058256,0.37103745779909314,0.55,True,True,10
591,54,18,0.37212150135469324,0.31688953348241633,0.55,True,True,12
592,76,92,0.8458098357280734,0.31794627339030435,0.5503645,True,True,14
593,79,12,0.998543357829393,0.23916686501013318,0.55,True,True,16
594,29,5,0.722059314611557,0.7074720807278618,0.55,True,True,18
595,83,94,0.530649570976361,0.7224237507853771,0.55,True,True,20
596,18,11,0.31688953348241633,0.25594440962471976,0.55,True,True,22
597,1,16,0.08463313407428452,0.049757326444936356,0.45,True,False,20
598,17,46,0.613784673463289,0.33275242246021486,0.45,False,0,20
599,85,53,0.9208255563021844,0.5743515295364632,0.55,True,True,22
600,72,11,0.15786443919911552,0.25594440962471976,0.55,True,True,24
601,72,25,0.15786443919911552,0.24988397332234968,0.55,True,True,26
602,86,81,0.26925144280334556,0.8029353926230534,0.45405000000000006,True,False,24
603,76,36,0.8458098357280734,0.692476984458762,0.45,True,False,22
604,7,40,0.8991241729910701,0.8233205884601713,0.550405,True,True,24
605,9,44,0.44583740825910056,0.6279672365393266,0.45,True,False,22
606,87,56,0.6110778350397914,0.9458539729183116,0.55,True,True,24
607,36,55,0.692476984458762,0.40783948249863655,0.55,True,True,26
608,95,59,0.6148085701273492,0.9026332782723714,0.45,True,False,24
609,47,54,0.37103745779909314,0.37212150135469324,0.55,True,True,26
610,28,88,0.33749927136972513,0.1518498601660332,0.45,True,False,24
611,48,30,0.5006430271920419,0.21958957190026862,0.49050000000000005,True,False,22
612,58,71,0.3400721796549451,0.22540515274489392,0.49955,False,0,22
613,63,14,0.5446331655916622,0.36959908654360296,0.45,True,False,20
614,2,96,0.1583173379329329,0.47401238915605537,0.45,True,False,18
615,81,50,0.8029353926230534,0.5007353806196448,0.55,True,True,20
616,26,64,0.5641167356888758,0.4194259773346898,0.55,True,True,22
617,31,41,0.9823508518356256,0.8866353559032627,0.55,True,True,24
618,11,2,0.25594440962471976,0.1583173379329329,0.45,True,False,22
619,53,11,0.5743515295364632,0.25594440962471976,0.55,True,True,24
620,43,56,0.2836744010577642,0.9458539729183116,0.55,True,True,26
621,46,43,0.33275242246021486,0.2836744010577642,0.4992305,False,0,26
622,71,94,0.22540515274489392,0.7224237507853771,0.45905,False,0,26
623,4,13,0.832864060628537,0.5640583142579408,0.55,True,True,28
624,55,24,0.40783948249863655,0.5643961535332579,0.55,True,True,30
625,83,34,0.530649570976361,0.4874498503262571,0.4955,False,0,30
626,18,57,0.31688953348241633,0.8687170958055681,0.45,True,False,28
627,96,65,0.47401238915605537,0.5242565796501807,0.45,True,False,26
628,61,26,0.428624507251238,0.5641167356888758,0.55,True,True,28
629,31,4,0.9823508518356256,0.832864060628537,0.55,True,True,30
630,19,80,0.9167990006762123,0.8945078474699114,0.55,True,True,32
631,0,23,0.1758912822526283,0.6834876177688868,0.55,True,True,34
632,32,34,0.6635526614764211,0.4874498503262571,0.55,True,True,36
633,77,79,0.9031097515099588,0.998543357829393,0.55,True,True,38
634,96,29,0.47401238915605537,0.722059314611557,0.55,True,True,40
635,1,0,0.08463313407428452,0.1758912822526283,0.55,True,True,42
636,28,69,0.33749927136972513,0.48391700202672083,0.45,True,False,40
637,60,62,0.003922851813887851,0.8567073824041537,0.45,True,False,38
638,72,85,0.15786443919911552,0.9208255563021844,0.45,True,False,36
639,12,43,0.23916686501013318,0.2836744010577642,0.45,True,False,34
640,48,4,0.5006430271920419,0.832864060628537,0.4545,True,False,32
641,86,15,0.26925144280334556,0.6256153954684792,0.4529852550000001,True,False,30
642,46,44,0.33275242246021486,0.6279672365393266,0.45,True,False,28
643,21,2,0.7294192585660533,0.1583173379329329,0.5536450000000002,True,True,30
644,66,75,0.14600192216174024,0.3564722401534356,0.4595,False,0,30
645,33,27,0.631533030385049,0.24823671615634535,0.455,False,0,30
646,94,15,0.7224237507853771,0.6256153954684792,0.55,True,True,32
647,86,31,0.26925144280334556,0.9823508518356256,0.45,True,False,30
648,39,8,0.08956727178941548,0.12541609041827162,0.45,False,0,30
649,35,84,0.056125267422058256,0.30760874128659765,0.55,True,True,32
650,55,35,0.40783948249863655,0.056125267422058256,0.55,True,True,34
651,28,36,0.33749927136972513,0.692476984458762,0.45,True,False,32
652,85,26,0.9208255563021844,0.5641167356888758,0.55,True,True,34
653,59,80,0.9026332782723714,0.8945078474699114,0.55,True,True,36
654,27,6,0.24823671615634535,0.7245198704567086,0.55,True,True,38
655,25,24,0.24988397332234968,0.5643961535332579,0.499595,False,0,38
656,78,56,0.43195725414119235,0.9458539729183116,0.45,True,False,36
657,82,6,0.030397557512383044,0.7245198704567086,0.45,True,False,34
658,29,21,0.722059314611557,0.7294192585660533,0.45,True,False,32
659,67,82,0.607536698126434,0.030397557512383044,0.55,True,True,34
660,85,83,0.9208255563021844,0.530649570976361,0.55,True,True,36
661,29,55,0.722059314611557,0.40783948249863655,0.45,True,False,34
662,68,6,0.7166314276892161,0.7245198704567086,0.45,True,False,32
663,92,44,0.31794627339030435,0.6279672365393266,0.45,True,False,30
664,94,47,0.7224237507853771,0.37103745779909314,0.55,True,True,32
665,80,53,0.8945078474699114,0.5743515295364632,0.55,True,True,34
666,87,28,0.6110778350397914,0.33749927136972513,0.45,True,False,32
667,95,81,0.6148085701273492,0.8029353926230534,0.45,False,0,32
668,26,15,0.5641167356888758,0.6256153954684792,0.5503280500000001,True,True,34
669,98,17,0.5700115543211604,0.613784673463289,0.45,True,False,32
670,54,34,0.37212150135469324,0.4874498503262571,0.55,True,True,34
671,93,91,0.48674754492555417,0.4496645792753765,0.45,True,False,32
672,90,73,0.3304954146378264,0.1535013626402606,0.55,True,True,34
673,79,56,0.998543357829393,0.9458539729183116,0.5566346695000001,True,True,36
674,99,89,0.8433651824858333,0.5957492647135162,0.55,True,True,38
675,44,95,0.6279672365393266,0.6148085701273492,0.55,True,True,40
676,58,0,0.3400721796549451,0.1758912822526283,0.45,True,False,38
677,36,96,0.692476984458762,0.47401238915605537,0.55,True,True,40
678,79,28,0.998543357829393,0.33749927136972513,0.55,True,True,42
679,65,35,0.5242565796501807,0.056125267422058256,0.45,True,False,40
680,24,26,0.5643961535332579,0.5641167356888758,0.4955,False,0,40
681,20,59,0.3518324457728357,0.9026332782723714,0.45,True,False,38
682,19,63,0.9167990006762123,0.5446331655916622,0.5500239148450001,True,True,40
683,60,48,0.003922851813887851,0.5006430271920419,0.45,True,False,38
684,62,22,0.8567073824041537,0.8331502256734352,0.55,True,True,40
685,23,86,0.6834876177688868,0.26925144280334556,0.55,True,True,42
686,56,41,0.9458539729183116,0.8866353559032627,0.5500364500000001,True,True,44
687,50,25,0.5007353806196448,0.24988397332234968,0.45,True,False,42
688,92,96,0.31794627339030435,0.47401238915605537,0.45,True,False,40
689,11,64,0.25594440962471976,0.4194259773346898,0.4995,False,0,40
690,28,36,0.33749927136972513,0.692476984458762,0.45,False,0,40
691,1,40,0.08463313407428452,0.8233205884601713,0.45,True,False,38
692,90,9,0.3304954146378264,0.44583740825910056,0.45,True,False,36
693,64,89,0.4194259773346898,0.5957492647135162,0.45,True,False,34
694,31,90,0.9823508518356256,0.3304954146378264,0.55,True,True,36
695,89,3,0.5957492647135162,0.6505485394760468,0.45,True,False,34
696,46,32,0.33275242246021486,0.6635526614764211,0.4995,False,0,34
697,88,94,0.1518498601660332,0.7224237507853771,0.5904967195000002,True,True,36
698,8,58,0.12541609041827162,0.3400721796549451,0.49995,False,0,36
699,74,45,0.7147114865193199,0.23346703620024267,0.45,False,0,36
700,54,40,0.37212150135469324,0.8233205884601713,0.55,True,True,38
701,74,59,0.7147114865193199,0.9026332782723714,0.55,True,True,40
702,53,9,0.5743515295364632,0.44583740825910056,0.55,True,True,42
703,57,39,0.8687170958055681,0.08956727178941548,0.55,True,True,44
704,75,29,0.3564722401534356,0.722059314611557,0.55,True,True,46
705,64,45,0.4194259773346898,0.23346703620024267,0.45,True,False,44
706,79,59,0.998543357829393,0.9026332782723714,0.55405,True,True,46
707,71,52,0.22540515274489392,0.5141404352885078,0.55,True,True,48
708,60,17,0.003922851813887851,0.613784673463289,0.45,True,False,46
709,7,48,0.8991241729910701,0.5006430271920419,0.55,True,True,48
710,55,46,0.40783948249863655,0.33275242246021486,0.45,True,False,46
711,72,50,0.15786443919911552,0.5007353806196448,0.45,True,False,44
712,76,29,0.8458098357280734,0.722059314611557,0.5864500000000001,True,True,46
713,56,66,0.9458539729183116,0.14600192216174024,0.55,True,True,48
714,34,65,0.4874498503262571,0.5242565796501807,0.45,True,False,46
715,74,52,0.7147114865193199,0.5141404352885078,0.55,True,True,48
716,70,5,0.7500346304027713,0.7074720807278618,0.55027195345,True,True,50
717,88,25,0.1518498601660332,0.24988397332234968,0.45,True,False,48
718,60,38,0.003922851813887851,0.9852193240462834,0.45,True,False,46
719,27,91,0.24823671615634535,0.4496645792753765,0.45,True,False,44
720,19,13,0.9167990006762123,0.5640583142579408,0.5504076572050001,True,True,46
721,31,95,0.9823508518356256,0.6148085701273492,0.55,True,True,48
722,67,91,0.607536698126434,0.4496645792753765,0.55,True,True,50
723,33,4,0.631533030385049,0.832864060628537,0.45,True,False,48
724,70,99,0.7500346304027713,0.8433651824858333,0.55,True,True,50
725,64,88,0.4194259773346898,0.1518498601660332,0.55,True,True,52
726,21,88,0.7294192585660533,0.1518498601660332,0.5831695000000001,True,True,54
727,58,90,0.3400721796549451,0.3304954146378264,0.49955,False,0,54
728,61,9,0.428624507251238,0.44583740825910056,0.45,True,False,52
729,92,73,0.31794627339030435,0.1535013626402606,0.45405000000000006,True,False,50
730,56,31,0.9458539729183116,0.9823508518356256,0.55,True,True,52
731,18,30,0.31688953348241633,0.21958957190026862,0.55,True,True,54
732,8,1,0.12541609041827162,0.08463313407428452,0.49995950000000006,False,0,54
733,3,66,0.6505485394760468,0.14600192216174024,0.4967195,False,0,54
734,65,9,0.5242565796501807,0.44583740825910056,0.55,True,True,56
735,31,5,0.9823508518356256,0.7074720807278618,0.55,True,True,58
736,15,57,0.6256153954684792,0.8687170958055681,0.55,True,True,60
737,89,50,0.5957492647135162,0.5007353806196448,0.45,True,False,58
738,62,82,0.8567073824041537,0.030397557512383044,0.55,True,True,60
739,93,75,0.48674754492555417,0.3564722401534356,0.45,True,False,58
740,23,1,0.6834876177688868,0.08463313407428452,0.55,True,True,60
741,42,27,0.7145128156599906,0.24823671615634535,0.55,True,True,62
742,30,28,0.21958957190026862,0.33749927136972513,0.55,True,True,64
743,16,31,0.049757326444936356,0.9823508518356256,0.45,True,False,62
744,7,29,0.8991241729910701,0.722059314611557,0.5533574500000001,True,True,64
745,76,77,0.8458098357280734,0.9031097515099588,0.55,True,True,66
746,10,86,0.5809370117603739,0.26925144280334556,0.45,True,False,64
747,49,51,0.1750462273928698,0.33972843267718733,0.55,True,True,66
748,19,88,0.9167990006762123,0.1518498601660332,0.5528157260500001,True,True,68
749,97,58,0.9342627097194597,0.3400721796549451,0.55,True,True,70
750,35,11,0.056125267422058256,0.25594440962471976,0.496355,False,0,70
751,28,96,0.33749927136972513,0.47401238915605537,0.495,False,0,70
752,88,79,0.1518498601660332,0.998543357829393,0.45,True,False,68
753,84,63,0.30760874128659765,0.5446331655916622,0.55,True,True,70
754,23,62,0.6834876177688868,0.8567073824041537,0.45,True,False,68
755,21,34,0.7294192585660533,0.4874498503262571,0.48645036450000007,True,False,66
756,27,81,0.24823671615634535,0.8029353926230534,0.45,True,False,64
757,98,50,0.5700115543211604,0.5007353806196448,0.55,True,True,66
758,59,93,0.9026332782723714,0.48674754492555417,0.55,True,True,68
759,87,5,0.6110778350397914,0.7074720807278618,0.45003973050000007,True,False,66
760,65,0,0.5242565796501807,0.1758912822526283,0.55,True,True,68
761,71,73,0.22540515274489392,0.1535013626402606,0.49995950000000006,False,0,68
762,62,45,0.8567073824041537,0.23346703620024267,0.45,True,False,66
763,51,23,0.33972843267718733,0.6834876177688868,0.55,True,True,68
764,99,2,0.8433651824858333,0.1583173379329329,0.5536450000000002,True,True,70
765,95,28,0.6148085701273492,0.33749927136972513,0.550032805,True,True,72
766,86,2,0.26925144280334556,0.1583173379329329,0.45,True,False,70
767,74,69,0.7147114865193199,0.48391700202672083,0.45,False,0,70
768,67,72,0.607536698126434,0.15786443919911552,0.45,True,False,68
769,39,79,0.08956727178941548,0.998543357829393,0.4955,False,0,68
770,59,60,0.9026332782723714,0.003922851813887851,0.55,True,True,70
771,90,41,0.3304954146378264,0.8866353559032627,0.49931637215,False,0,70
772,61,84,0.428624507251238,0.30760874128659765,0.55,True,True,72
773,53,39,0.5743515295364632,0.08956727178941548,0.55,True,True,74
774,30,74,0.21958957190026862,0.7147114865193199,0.45,True,False,72
775,35,23,0.056125267422058256,0.6834876177688868,0.499595,False,0,72
776,95,46,0.6148085701273492,0.33275242246021486,0.55,True,True,74
777,53,18,0.5743515295364632,0.31688953348241633,0.55,True,True,76
778,18,45,0.31688953348241633,0.23346703620024267,0.45,True,False,74
779,81,80,0.8029353926230534,0.8945078474699114,0.55,True,True,76
780,35,52,0.056125267422058256,0.5141404352885078,0.49959905,False,0,76
781,73,90,0.1535013626402606,0.3304954146378264,0.45,True,False,74
782,11,41,0.25594440962471976,0.8866353559032627,0.467490245,False,0,74
783,66,92,0.14600192216174024,0.31794627339030435,0.4967195,False,0,74
784,48,27,0.5006430271920419,0.24823671615634535,0.55,True,True,76
785,99,67,0.8433651824858333,0.607536698126434,0.55,True,True,78
786,16,67,0.049757326444936356,0.607536698126434,0.45,True,False,76
787,61,74,0.428624507251238,0.7147114865193199,0.45,True,False,74
788,54,37,0.37212150135469324,0.6129744594914002,0.55,True,True,76
789,39,41,0.08956727178941548,0.8866353559032627,0.49991659745,False,0,76
790,9,90,0.44583740825910056,0.3304954146378264,0.55,True,True,78
791,39,41,0.08956727178941548,0.8866353559032627,0.49991659745,False,0,78
792,1,11,0.08463313407428452,0.25594440962471976,0.4955,False,0,78
793,69,45,0.48391700202672083,0.23346703620024267,0.55,True,True,80
794,72,86,0.15786443919911552,0.26925144280334556,0.45,True,False,78
795,97,51,0.9342627097194597,0.33972843267718733,0.55003645,True,True,80
796,44,36,0.6279672365393266,0.692476984458762,0.55,True,True,82
797,3,15,0.6505485394760468,0.6256153954684792,0.49999550000000004,False,0,82
798,89,82,0.5957492647135162,0.030397557512383044,0.55,True,True,84
799,82,32,0.030397557512383044,0.6635526614764211,0.45,True,False,82
800,29,2,0.722059314611557,0.1583173379329329,0.55,True,True,84
801,95,1,0.6148085701273492,0.08463313407428452,0.45,True,False,82
802,12,60,0.23916686501013318,0.003922851813887851,0.55,True,True,84
803,63,74,0.5446331655916622,0.7147114865193199,0.49595,False,0,84
804,74,94,0.7147114865193199,0.7224237507853771,0.45,True,False,82
805,53,57,0.5743515295364632,0.8687170958055681,0.55,True,True,84
806,48,21,0.5006430271920419,0.7294192585660533,0.55,True,True,86
807,73,65,0.1535013626402606,0.5242565796501807,0.45,False,0,86
808,60,20,0.003922851813887851,0.3518324457728357,0.45,True,False,84
809,46,58,0.33275242246021486,0.3400721796549451,0.45,True,False,82
810,55,27,0.40783948249863655,0.24823671615634535,0.45,True,False,80
811,14,73,0.36959908654360296,0.1535013626402606,0.55,True,True,82
812,46,38,0.33275242246021486,0.9852193240462834,0.45,True,False,80
813,81,72,0.8029353926230534,0.15786443919911552,0.55,True,True,82
814,38,81,0.9852193240462834,0.8029353926230534,0.55,True,True,84
815,7,77,0.8991241729910701,0.9031097515099588,0.4864500000000001,True,False,82
816,28,94,0.33749927136972513,0.7224237507853771,0.49095,False,0,82
817,22,96,0.8331502256734352,0.47401238915605537,0.55,True,True,84
818,32,39,0.6635526614764211,0.08956727178941548,0.55,True,True,86
819,82,81,0.030397557512383044,0.8029353926230534,0.45,True,False,84
820,33,69,0.631533030385049,0.48391700202672083,0.55,True,True,86
821,21,50,0.7294192585660533,0.5007353806196448,0.552693655,True,True,88
822,85,16,0.9208255563021844,0.049757326444936356,0.45,False,0,88
823,72,99,0.15786443919911552,0.8433651824858333,0.45,True,False,86
824,64,29,0.4194259773346898,0.722059314611557,0.4997342795,False,0,86
825,67,13,0.607536698126434,0.5640583142579408,0.45,True,False,84
826,39,22,0.08956727178941548,0.8331502256734352,0.49955,False,0,84
827,30,33,0.21958957190026862,0.631533030385049,0.45012195000000005,True,False,82
828,98,89,0.5700115543211604,0.5957492647135162,0.45,True,False,80
829,22,5,0.8331502256734352,0.7074720807278618,0.550405045,True,True,82
830,15,89,0.6256153954684792,0.5957492647135162,0.55,True,True,84
831,82,3,0.030397557512383044,0.6505485394760468,0.4955,False,0,84
832,44,82,0.6279672365393266,0.030397557512383044,0.55,True,True,86
833,27,16,0.24823671615634535,0.049757326444936356,0.46355,False,0,86
834,36,62,0.692476984458762,0.8567073824041537,0.55,True,True,88
835,34,16,0.4874498503262571,0.049757326444936356,0.45,True,False,86
836,71,32,0.22540515274489392,0.6635526614764211,0.45,True,False,84
837,59,95,0.9026332782723714,0.6148085701273492,0.55,True,True,86
838,51,76,0.33972843267718733,0.8458098357280734,0.45,True,False,84
839,61,76,0.428624507251238,0.8458098357280734,0.55,True,True,86
840,79,39,0.998543357829393,0.08956727178941548,0.55003980745,True,True,88
841,38,15,0.9852193240462834,0.6256153954684792,0.55268377705,True,True,90
842,68,30,0.7166314276892161,0.21958957190026862,0.55,True,True,92
843,44,42,0.6279672365393266,0.7145128156599906,0.55,True,True,94
844,76,80,0.8458098357280734,0.8945078474699114,0.55,True,True,96
845,19,77,0.9167990006762123,0.9031097515099588,0.5832145000000002,True,True,98
846,39,10,0.08956727178941548,0.5809370117603739,0.45,True,False,96
847,0,18,0.1758912822526283,0.31688953348241633,0.55,True,True,98
848,52,66,0.5141404352885078,0.14600192216174024,0.49999595,False,0,98
849,32,64,0.6635526614764211,0.4194259773346898,0.55,True,True,100
850,89,33,0.5957492647135162,0.631533030385049,0.45,True,False,98
851,9,21,0.44583740825910056,0.7294192585660533,0.45,True,False,96
852,1,87,0.08463313407428452,0.6110778350397914,0.45,True,False,94
853,87,3,0.6110778350397914,0.6505485394760468,0.45,True,False,92
854,50,61,0.5007353806196448,0.428624507251238,0.45,True,False,90
855,16,29,0.049757326444936356,0.722059314611557,0.45,True,False,88
856,73,37,0.1535013626402606,0.6129744594914002,0.45,True,False,86
857,79,82,0.998543357829393,0.030397557512383044,0.5500265720500002,True,True,88
858,27,79,0.24823671615634535,0.998543357829393,0.45,True,False,86
859,3,28,0.6505485394760468,0.33749927136972513,0.49979288705,False,0,86
860,44,36,0.6279672365393266,0.692476984458762,0.49500000000000005,True,False,84
861,30,87,0.21958957190026862,0.6110778350397914,0.45,True,False,82
862,29,84,0.722059314611557,0.30760874128659765,0.5545,True,True,84
863,95,88,0.6148085701273492,0.1518498601660332,0.5526870575500001,True,True,86
864,81,39,0.8029353926230534,0.08956727178941548,0.49996059755000005,False,0,86
865,52,88,0.5141404352885078,0.1518498601660332,0.47608475000000006,False,0,86
866,25,17,0.24988397332234968,0.613784673463289,0.45,True,False,84
867,49,17,0.1750462273928698,0.613784673463289,0.499595,False,0,84
868,47,81,0.37103745779909314,0.8029353926230534,0.49967195000000003,False,0,84
869,57,72,0.8687170958055681,0.15786443919911552,0.45,True,False,82
870,34,44,0.4874498503262571,0.6279672365393266,0.55,True,True,84
871,57,49,0.8687170958055681,0.1750462273928698,0.59503645,True,True,86
872,70,0,0.7500346304027713,0.1758912822526283,0.5500424864845,True,True,88
873,27,28,0.24823671615634535,0.33749927136972513,0.45,True,False,86
874,50,75,0.5007353806196448,0.3564722401534356,0.55,True,True,88
875,11,42,0.25594440962471976,0.7145128156599906,0.45041355000000005,True,False,86
876,73,91,0.1535013626402606,0.4496645792753765,0.45,True,False,84
877,39,32,0.08956727178941548,0.6635526614764211,0.45,True,False,82
878,91,39,0.4496645792753765,0.08956727178941548,0.55,True,True,84
879,86,8,0.26925144280334556,0.12541609041827162,0.55,True,True,86
880,16,20,0.049757326444936356,0.3518324457728357,0.55,True,True,88
881,45,57,0.23346703620024267,0.8687170958055681,0.45,True,False,86
882,48,3,0.5006430271920419,0.6505485394760468,0.45,True,False,84
883,13,40,0.5640583142579408,0.8233205884601713,0.49838000000000005,False,0,84
884,1,96,0.08463313407428452,0.47401238915605537,0.45,True,False,82
885,76,85,0.8458098357280734,0.9208255563021844,0.55,True,True,84
886,68,81,0.7166314276892161,0.8029353926230534,0.55,True,True,86
887,8,50,0.12541609041827162,0.5007353806196448,0.49996719500000003,False,0,86
888,68,4,0.7166314276892161,0.832864060628537,0.55,True,True,88
889,87,98,0.6110778350397914,0.5700115543211604,0.49955,False,0,88
890,18,60,0.31688953348241633,0.003922851813887851,0.45,True,False,86
891,92,99,0.31794627339030435,0.8433651824858333,0.45,True,False,84
892,44,38,0.6279672365393266,0.9852193240462834,0.55,True,True,86
893,39,67,0.08956727178941548,0.607536698126434,0.4999595,False,0,86
894,64,30,0.4194259773346898,0.21958957190026862,0.55,True,True,88
895,0,19,0.1758912822526283,0.9167990006762123,0.45,True,False,86
896,72,3,0.15786443919911552,0.6505485394760468,0.45,True,False,84
897,69,11,0.48391700202672083,0.25594440962471976,0.45,True,False,82
898,97,34,0.9342627097194597,0.4874498503262571,0.55032805,True,True,84
899,4,61,0.832864060628537,0.428624507251238,0.55,True,True,86
900,48,46,0.5006430271920419,0.33275242246021486,0.5531072050000001,True,True,88
901,1,51,0.08463313407428452,0.33972843267718733,0.55,True,True,90
902,29,50,0.722059314611557,0.5007353806196448,0.55,True,True,92
903,16,1,0.049757326444936356,0.08463313407428452,0.45,True,False,90
904,1,26,0.08463313407428452,0.5641167356888758,0.45,True,False,88
905,11,96,0.25594440962471976,0.47401238915605537,0.49595000000000006,False,0,88
906,29,96,0.722059314611557,0.47401238915605537,0.55,True,True,90
907,67,99,0.607536698126434,0.8433651824858333,0.5500405,True,True,92
908,78,40,0.43195725414119235,0.8233205884601713,0.49999595,False,0,92
909,50,71,0.5007353806196448,0.22540515274489392,0.49996719500000003,False,0,92
910,43,58,0.2836744010577642,0.3400721796549451,0.45,True,False,90
911,46,29,0.33275242246021486,0.722059314611557,0.55,True,True,92
912,92,22,0.31794627339030435,0.8331502256734352,0.45,True,False,90
913,32,11,0.6635526614764211,0.25594440962471976,0.45,True,False,88
914,73,69,0.1535013626402606,0.48391700202672083,0.45,True,False,86
915,34,2,0.4874498503262571,0.1583173379329329,0.47342795000000004,False,0,86
916,17,42,0.613784673463289,0.7145128156599906,0.55,True,True,88
917,15,2,0.6256153954684792,0.1583173379329329,0.4523914845,True,False,86
918,3,24,0.6505485394760468,0.5643961535332579,0.4999595,False,0,86
919,89,32,0.5957492647135162,0.6635526614764211,0.45,True,False,84
920,37,28,0.6129744594914002,0.33749927136972513,0.55,True,True,86
921,19,62,0.9167990006762123,0.8567073824041537,0.5503681450000001,True,True,88
922,64,56,0.4194259773346898,0.9458539729183116,0.55,True,True,90
923,57,40,0.8687170958055681,0.8233205884601713,0.45000036449999997,True,False,88
924,8,62,0.12541609041827162,0.8567073824041537,0.49999595,False,0,88
925,94,9,0.7224237507853771,0.44583740825910056,0.55,True,True,90
926,98,46,0.5700115543211604,0.33275242246021486,0.55,True,True,92
927,2,18,0.1583173379329329,0.31688953348241633,0.4999991355000001,False,0,92
928,64,18,0.4194259773346898,0.31688953348241633,0.499999704755,False,0,92
929,40,95,0.8233205884601713,0.6148085701273492,0.4765720500000001,True,False,90
930,42,44,0.7145128156599906,0.6279672365393266,0.5504414828049999,True,True,92
931,33,46,0.631533030385049,0.33275242246021486,0.550295245,True,True,94
932,5,49,0.7074720807278618,0.1750462273928698,0.45365456958300004,True,False,92
933,91,47,0.4496645792753765,0.37103745779909314,0.499997342795,False,0,92
934,78,72,0.43195725414119235,0.15786443919911552,0.4955,False,0,92
935,94,68,0.7224237507853771,0.7166314276892161,0.55,True,True,94
936,68,43,0.7166314276892161,0.2836744010577642,0.55,True,True,96
937,88,42,0.1518498601660332,0.7145128156599906,0.496355,False,0,96
938,6,96,0.7245198704567086,0.47401238915605537,0.55,True,True,98
939,57,32,0.8687170958055681,0.6635526614764211,0.5503645,True,True,100
940,37,31,0.6129744594914002,0.9823508518356256,0.55,True,True,102
941,94,98,0.7224237507853771,0.5700115543211604,0.55,True,True,104
942,66,91,0.14600192216174024,0.4496645792753765,0.49595,False,0,104
943,0,2,0.1758912822526283,0.1583173379329329,0.4997014745,False,0,104
944,19,98,0.9167990006762123,0.5700115543211604,0.5503320874648451,True,True,106
945,50,12,0.5007353806196448,0.23916686501013318,0.45,True,False,104
946,33,13,0.631533030385049,0.5640583142579408,0.55,True,True,106
947,19,38,0.9167990006762123,0.9852193240462834,0.5540075569720001,True,True,108
948,26,48,0.5641167356888758,0.5006430271920419,0.55,True,True,110
949,72,60,0.15786443919911552,0.003922851813887851,0.55073301355,True,True,112
950,63,64,0.5446331655916622,0.4194259773346898,0.55,True,True,114
951,97,94,0.9342627097194597,0.7224237507853771,0.5500032805,True,True,116
952,18,73,0.31688953348241633,0.1535013626402606,0.45,True,False,114
953,98,85,0.5700115543211604,0.9208255563021844,0.45,True,False,112
954,69,60,0.48391700202672083,0.003922851813887851,0.55,True,True,114
955,69,67,0.48391700202672083,0.607536698126434,0.55,True,True,116
956,67,75,0.607536698126434,0.3564722401534356,0.45002624399999996,True,False,114
957,53,90,0.5743515295364632,0.3304954146378264,0.45405000000000006,True,False,112
958,51,44,0.33972843267718733,0.6279672365393266,0.49703890500000003,False,0,112
959,35,17,0.056125267422058256,0.613784673463289,0.496355,False,0,112
960,92,10,0.31794627339030435,0.5809370117603739,0.55,True,True,114
961,95,81,0.6148085701273492,0.8029353926230534,0.4595405,False,0,114
962,88,23,0.1518498601660332,0.6834876177688868,0.49991355000000004,False,0,114
963,55,56,0.40783948249863655,0.9458539729183116,0.49967195000000003,False,0,114
964,28,39,0.33749927136972513,0.08956727178941548,0.55,True,True,116
965,85,19,0.9208255563021844,0.9167990006762123,0.55,True,True,118
966,91,53,0.4496645792753765,0.5743515295364632,0.45,True,False,116
967,3,68,0.6505485394760468,0.7166314276892161,0.45003645000000003,True,False,114
968,41,18,0.8866353559032627,0.31688953348241633,0.55032805,True,True,116
969,29,89,0.722059314611557,0.5957492647135162,0.5500405,True,True,118
970,19,84,0.9167990006762123,0.30760874128659765,0.5832961633495002,True,True,120
971,86,85,0.26925144280334556,0.9208255563021844,0.45,True,False,118
972,87,56,0.6110778350397914,0.9458539729183116,0.5860231705000001,True,True,120
973,67,9,0.607536698126434,0.44583740825910056,0.55,True,True,122
974,22,48,0.8331502256734352,0.5006430271920419,0.5828050000000001,True,True,124
975,56,82,0.9458539729183116,0.030397557512383044,0.5559741550000001,True,True,126
976,22,84,0.8331502256734352,0.30760874128659765,0.55,True,True,128
977,4,61,0.832864060628537,0.428624507251238,0.49500000000000005,True,False,126
978,27,54,0.24823671615634535,0.37212150135469324,0.45,True,False,124
979,2,62,0.1583173379329329,0.8567073824041537,0.499951355,False,0,124
980,60,21,0.003922851813887851,0.7294192585660533,0.4955,False,0,124
981,16,72,0.049757326444936356,0.15786443919911552,0.45,True,False,122
982,3,86,0.6505485394760468,0.26925144280334556,0.45032805,True,False,120
983,36,81,0.692476984458762,0.8029353926230534,0.4970111,False,0,120
984,40,85,0.8233205884601713,0.9208255563021844,0.55,True,True,122
985,96,73,0.47401238915605537,0.1535013626402606,0.4967195,False,0,122
986,20,28,0.3518324457728357,0.33749927136972513,0.550295164,True,True,124
987,57,69,0.8687170958055681,0.48391700202672083,0.55,True,True,126
988,26,97,0.5641167356888758,0.9342627097194597,0.55,True,True,128
989,77,69,0.9031097515099588,0.48391700202672083,0.550003021705,True,True,130
990,43,96,0.2836744010577642,0.47401238915605537,0.45,True,False,128
991,5,87,0.7074720807278618,0.6110778350397914,0.45,True,False,126
992,7,88,0.8991241729910701,0.1518498601660332,0.5533078415500001,True,True,128
993,78,96,0.43195725414119235,0.47401238915605537,0.45,True,False,126
994,68,17,0.7166314276892161,0.613784673463289,0.55032805,True,True,128
995,73,2,0.1535013626402606,0.1583173379329329,0.55,True,True,130
996,60,70,0.003922851813887851,0.7500346304027713,0.45,True,False,128
997,5,37,0.7074720807278618,0.6129744594914002,0.49999967195,False,0,128
998,29,45,0.722059314611557,0.23346703620024267,0.55,True,True,130
999,44,34,0.6279672365393266,0.4874498503262571,0.4536689148450001,True,False,128
